{
  "test/unit/unitTests.qunit.html": 1593585972000,
  "manifest.json": 1593682475294,
  "test/unit/controller/View1.controller.js": 1593585972000,
  "test/integration/pages/View1.js": 1593585972000,
  "test/integration/arrangements/Startup.js": 1593585972000,
  "test/unit/unitTests.qunit.js": 1593585972000,
  "test/unit/AllTests.js": 1593585972000,
  "test/integration/opaTests.qunit.js": 1593585972000,
  "test/integration/NavigationJourney.js": 1593585972000,
  "test/integration/AllJourneys.js": 1593585972000,
  "test/initMockServer.js": 1593585972000,
  "model/models.js": 1593585972000,
  "localService/mockserver.js": 1593585972000,
  "controller/View1.controller.js": 1593585972000,
  "script.js": 1593590175000,
  "photo-script.js": 1593592257000,
  "Component.js": 1593585972000,
  "manifest-bundle.zip": 1593682473293,
  "Component-preload.js": 1593682474788,
  "test/integration/pages/View1-dbg.js": 1593585972000,
  "test/unit/controller/View1-dbg.controller.js": 1593585972000,
  "test/integration/arrangements/Startup-dbg.js": 1593585972000,
  "test/unit/unitTests.qunit-dbg.js": 1593585972000,
  "test/unit/AllTests-dbg.js": 1593585972000,
  "test/integration/opaTests.qunit-dbg.js": 1593585972000,
  "test/integration/NavigationJourney-dbg.js": 1593585972000,
  "test/integration/AllJourneys-dbg.js": 1593585972000,
  "test/initMockServer-dbg.js": 1593585972000,
  "model/models-dbg.js": 1593585972000,
  "localService/mockserver-dbg.js": 1593585972000,
  "controller/View1-dbg.controller.js": 1593585972000,
  "script-dbg.js": 1593590175000,
  "photo-script-dbg.js": 1593592257000,
  "Component-dbg.js": 1593585972000,
  "i18n/i18n.properties": 1593585972000,
  "test/integration/opaTests.qunit.html": 1593585972000,
  "view/View1.view.xml": 1593585972000,
  "test/mockServer.html": 1593585972000,
  "css/style.css": 1593585972000,
  "style.css": 1593589486000,
  "indexOld.html": 1593585972000,
  "index.html": 1593591486000,
  "forbidden.html": 1593589446000
}